Input,Output 1,Output 2
0.000000,ff800000,7f800000
0.062500,dfc00000,5f400000
0.125000,dfb504f3,5f3504f3
0.187500,dfb3cd3a,5f33cd3a
0.250000,dfc00000,5f400000
0.312500,dfb4f92e,5f34f92e
0.375000,dfb105ec,5f3105ec
0.437500,dfb1848f,5f31848f
0.500000,dfb504f3,5f3504f3
0.562500,dfb2aaab,5f32aaab
0.625000,dfb1e89b,5f31e89b
0.687500,dfb25fb2,5f325fb2
0.750000,dfb3cd3a,5f33cd3a
0.812500,dfb600d5,5f3600d5
0.875000,dfb8d677,5f38d677
0.937500,dfbc32a5,5f3c32a5
1.000000,dfc00000,5f400000
1.062500,dfbc5b42,5f3c5b42
1.125000,dfb95bef,5f395bef
1.187500,dfb6ebf5,5f36ebf5
1.250000,dfb4f92e,5f34f92e
1.312500,dfb37483,5f337483
1.375000,dfb2514a,5f32514a
1.437500,dfb184cd,5f3184cd
1.500000,dfb105ec,5f3105ec
1.562500,dfb0cccd,5f30cccd
1.625000,dfb0d2ab,5f30d2ab
1.687500,dfb111a3,5f3111a3
1.750000,dfb1848f,5f31848f
1.812500,dfb226eb,5f3226eb
1.875000,dfb2f4ba,5f32f4ba
1.937500,dfb3ea74,5f33ea74
2.000000,dfb504f3,5f3504f3
2.062500,dfb4416a,5f34416a
2.125000,dfb39d53,5f339d53
2.187500,dfb3166c,5f33166c
2.250000,dfb2aaab,5f32aaab
2.312500,dfb25835,5f325835
2.375000,dfb21d5f,5f321d5f
2.437500,dfb1f8a2,5f31f8a2
2.500000,dfb1e89b,5f31e89b
2.562500,dfb1ec04,5f31ec04
2.625000,dfb201b3,5f3201b3
2.687500,dfb22896,5f322896
2.750000,dfb25fb2,5f325fb2
2.812500,dfb2a61f,5f32a61f
2.875000,dfb2fb06,5f32fb06
2.937500,dfb35da2,5f335da2
3.000000,dfb3cd3a,5f33cd3a
3.062500,dfb44925,5f344925
3.125000,dfb4d0c3,5f34d0c3
3.187500,dfb56381,5f356381
3.250000,dfb600d5,5f3600d5
3.312500,dfb6a83f,5f36a83f
3.375000,dfb75948,5f375948
3.437500,dfb8137d,5f38137d
3.500000,dfb8d677,5f38d677
3.562500,dfb9a1d2,5f39a1d2
3.625000,dfba7532,5f3a7532
3.687500,dfbb503e,5f3b503e
3.750000,dfbc32a5,5f3c32a5
3.812500,dfbd1c1a,5f3d1c1a
3.875000,dfbe0c52,5f3e0c52
3.937500,dfbf030a,5f3f030a
4.000000,dfc00000,5f400000
4.062500,dfbf05ec,5f3f05ec
4.125000,dfbe1764,5f3e1764
4.187500,dfbd33f9,5f3d33f9
4.250000,dfbc5b42,5f3c5b42
4.312500,dfbb8cdc,5f3b8cdc
4.375000,dfbac867,5f3ac867
4.437500,dfba0d8a,5f3a0d8a
4.500000,dfb95bef,5f395bef
4.562500,dfb8b345,5f38b345
4.625000,dfb8133e,5f38133e
4.687500,dfb77b90,5f377b90
4.750000,dfb6ebf5,5f36ebf5
4.812500,dfb6642a,5f36642a
4.875000,dfb5e3ed,5f35e3ed
4.937500,dfb56b02,5f356b02
5.000000,dfb4f92e,5f34f92e
5.062500,dfb48e39,5f348e39
5.125000,dfb429ed,5f3429ed
5.187500,dfb3cc16,5f33cc16
5.250000,dfb37483,5f337483
5.312500,dfb32305,5f332305
5.375000,dfb2d76e,5f32d76e
5.437500,dfb29193,5f329193
5.500000,dfb2514a,5f32514a
5.562500,dfb2166b,5f32166b
5.625000,dfb1e0cf,5f31e0cf
5.687500,dfb1b051,5f31b051
5.750000,dfb184cd,5f3184cd
5.812500,dfb15e22,5f315e22
5.875000,dfb13c2e,5f313c2e
5.937500,dfb11ed0,5f311ed0
6.000000,dfb105ec,5f3105ec
6.062500,dfb0f162,5f30f162
6.125000,dfb0e116,5f30e116
6.187500,dfb0d4ed,5f30d4ed
6.250000,dfb0cccd,5f30cccd
6.312500,dfb0c89b,5f30c89b
6.375000,dfb0c83f,5f30c83f
6.437500,dfb0cba2,5f30cba2
6.500000,dfb0d2ab,5f30d2ab
6.562500,dfb0dd45,5f30dd45
6.625000,dfb0eb5a,5f30eb5a
6.687500,dfb0fcd6,5f30fcd6
6.750000,dfb111a3,5f3111a3
6.812500,dfb129af,5f3129af
6.875000,dfb144e6,5f3144e6
6.937500,dfb16337,5f316337
7.000000,dfb1848f,5f31848f
7.062500,dfb1a8de,5f31a8de
7.125000,dfb1d012,5f31d012
7.187500,dfb1fa1c,5f31fa1c
7.250000,dfb226eb,5f3226eb
7.312500,dfb25671,5f325671
7.375000,dfb2889f,5f32889f
7.437500,dfb2bd67,5f32bd67
7.500000,dfb2f4ba,5f32f4ba
7.562500,dfb32e8c,5f332e8c
7.625000,dfb36ace,5f336ace
7.687500,dfb3a975,5f33a975
7.750000,dfb3ea74,5f33ea74
7.812500,dfb42dbf,5f342dbf
7.875000,dfb4734a,5f34734a
7.937500,dfb4bb09,5f34bb09
8.000000,dfb504f3,5f3504f3
8.062500,dfb4d0fc,5f34d0fc
8.125000,dfb49f19,5f349f19
8.187500,dfb46f41,5f346f41
8.250000,dfb4416a,5f34416a
8.312500,dfb41589,5f341589
8.375000,dfb3eb96,5f33eb96
8.437500,dfb3c387,5f33c387
8.500000,dfb39d53,5f339d53
8.562500,dfb378f2,5f3378f2
8.625000,dfb3565c,5f33565c
8.687500,dfb33587,5f333587
8.750000,dfb3166c,5f33166c
8.812500,dfb2f904,5f32f904
8.875000,dfb2dd46,5f32dd46
8.937500,dfb2c32a,5f32c32a
9.000000,dfb2aaab,5f32aaab
9.062500,dfb293c0,5f3293c0
9.125000,dfb27e62,5f327e62
9.187500,dfb26a8c,5f326a8c
9.250000,dfb25835,5f325835
9.312500,dfb24759,5f324759
9.375000,dfb237f0,5f3237f0
9.437500,dfb229f4,5f3229f4
9.500000,dfb21d5f,5f321d5f
9.562500,dfb2122c,5f32122c
9.625000,dfb20855,5f320855
9.687500,dfb1ffd3,5f31ffd3
9.750000,dfb1f8a2,5f31f8a2
9.812500,dfb1f2bd,5f31f2bd
9.875000,dfb1ee1d,5f31ee1d
9.937500,dfb1eabe,5f31eabe
10.000000,dfb1e89b,5f31e89b
10.062500,dfb1e7af,5f31e7af
10.125000,dfb1e7f5,5f31e7f5
10.187500,dfb1e968,5f31e968
10.250000,dfb1ec04,5f31ec04
10.312500,dfb1efc4,5f31efc4
10.375000,dfb1f4a4,5f31f4a4
10.437500,dfb1faa0,5f31faa0
10.500000,dfb201b3,5f3201b3
10.562500,dfb209d9,5f3209d9
10.625000,dfb2130e,5f32130e
10.687500,dfb21d4e,5f321d4e
10.750000,dfb22896,5f322896
10.812500,dfb234e1,5f3234e1
10.875000,dfb2422c,5f32422c
10.937500,dfb25073,5f325073
11.000000,dfb25fb2,5f325fb2
11.062500,dfb26fe6,5f326fe6
11.125000,dfb2810c,5f32810c
11.187500,dfb29320,5f329320
11.250000,dfb2a61f,5f32a61f
11.312500,dfb2ba05,5f32ba05
11.375000,dfb2ced0,5f32ced0
11.437500,dfb2e47c,5f32e47c
11.500000,dfb2fb06,5f32fb06
11.562500,dfb3126c,5f33126c
11.625000,dfb32aa9,5f332aa9
11.687500,dfb343bc,5f3343bc
11.750000,dfb35da2,5f335da2
11.812500,dfb37857,5f337857
11.875000,dfb393d9,5f3393d9
11.937500,dfb3b026,5f33b026
12.000000,dfb3cd3a,5f33cd3a
12.062500,dfb3eb13,5f33eb13
12.125000,dfb409af,5f3409af
12.187500,dfb4290b,5f34290b
12.250000,dfb44925,5f344925
12.312500,dfb469f9,5f3469f9
12.375000,dfb48b87,5f348b87
12.437500,dfb4adca,5f34adca
12.500000,dfb4d0c3,5f34d0c3
12.562500,dfb4f46d,5f34f46d
12.625000,dfb518c6,5f3518c6
12.687500,dfb53dce,5f353dce
12.750000,dfb56381,5f356381
12.812500,dfb589dd,5f3589dd
12.875000,dfb5b0e0,5f35b0e0
12.937500,dfb5d889,5f35d889
13.000000,dfb600d5,5f3600d5
13.062500,dfb629c2,5f3629c2
13.125000,dfb6534f,5f36534f
13.187500,dfb67d79,5f367d79
13.250000,dfb6a83f,5f36a83f
13.312500,dfb6d39f,5f36d39f
13.375000,dfb6ff97,5f36ff97
13.437500,dfb72c25,5f372c25
13.500000,dfb75948,5f375948
13.562500,dfb786fd,5f3786fd
13.625000,dfb7b544,5f37b544
13.687500,dfb7e41a,5f37e41a
13.750000,dfb8137d,5f38137d
13.812500,dfb8436d,5f38436d
13.875000,dfb873e8,5f3873e8
13.937500,dfb8a4ec,5f38a4ec
14.000000,dfb8d677,5f38d677
14.062500,dfb90889,5f390889
14.125000,dfb93b1e,5f393b1e
14.187500,dfb96e37,5f396e37
14.250000,dfb9a1d2,5f39a1d2
14.312500,dfb9d5ed,5f39d5ed
14.375000,dfba0a87,5f3a0a87
14.437500,dfba3f9e,5f3a3f9e
14.500000,dfba7532,5f3a7532
14.562500,dfbaab40,5f3aab40
14.625000,dfbae1c7,5f3ae1c7
14.687500,dfbb18c7,5f3b18c7
14.750000,dfbb503e,5f3b503e
14.812500,dfbb882a,5f3b882a
14.875000,dfbbc08b,5f3bc08b
14.937500,dfbbf95f,5f3bf95f
15.000000,dfbc32a5,5f3c32a5
15.062500,dfbc6c5c,5f3c6c5c
15.125000,dfbca682,5f3ca682
15.187500,dfbce117,5f3ce117
15.250000,dfbd1c1a,5f3d1c1a
15.312500,dfbd5788,5f3d5788
15.375000,dfbd9362,5f3d9362
15.437500,dfbdcfa6,5f3dcfa6
15.500000,dfbe0c52,5f3e0c52
15.562500,dfbe4967,5f3e4967
15.625000,dfbe86e2,5f3e86e2
15.687500,dfbec4c4,5f3ec4c4
15.750000,dfbf030a,5f3f030a
15.812500,dfbf41b4,5f3f41b4
15.875000,dfbf80c1,5f3f80c1
15.937500,dfbfc030,5f3fc030
16.000000,dfc00000,5f400000
16.062500,dfbfc060,5f3fc060
16.125000,dfbf817e,5f3f817e
16.187500,dfbf4358,5f3f4358
16.250000,dfbf05ec,5f3f05ec
16.312500,dfbec93a,5f3ec93a
16.375000,dfbe8d3e,5f3e8d3e
16.437500,dfbe51f7,5f3e51f7
16.500000,dfbe1764,5f3e1764
16.562500,dfbddd83,5f3ddd83
16.625000,dfbda452,5f3da452
16.687500,dfbd6bcf,5f3d6bcf
16.750000,dfbd33f9,5f3d33f9
16.812500,dfbcfccf,5f3cfccf
16.875000,dfbcc64e,5f3cc64e
16.937500,dfbc9075,5f3c9075
17.000000,dfbc5b42,5f3c5b42
17.062500,dfbc26b5,5f3c26b5
17.125000,dfbbf2cb,5f3bf2cb
17.187500,dfbbbf83,5f3bbf83
17.250000,dfbb8cdc,5f3b8cdc
17.312500,dfbb5ad3,5f3b5ad3
17.375000,dfbb2969,5f3b2969
17.437500,dfbaf89a,5f3af89a
17.500000,dfbac867,5f3ac867
17.562500,dfba98cd,5f3a98cd
17.625000,dfba69cb,5f3a69cb
17.687500,dfba3b60,5f3a3b60
17.750000,dfba0d8a,5f3a0d8a
17.812500,dfb9e048,5f39e048
17.875000,dfb9b399,5f39b399
17.937500,dfb9877c,5f39877c
18.000000,dfb95bef,5f395bef
18.062500,dfb930f1,5f3930f1
18.125000,dfb90681,5f390681
18.187500,dfb8dc9d,5f38dc9d
18.250000,dfb8b345,5f38b345
18.312500,dfb88a77,5f388a77
18.375000,dfb86232,5f386232
18.437500,dfb83a74,5f383a74
18.500000,dfb8133e,5f38133e
18.562500,dfb7ec8d,5f37ec8d
18.625000,dfb7c660,5f37c660
18.687500,dfb7a0b7,5f37a0b7
18.750000,dfb77b90,5f377b90
18.812500,dfb756ea,5f3756ea
18.875000,dfb732c5,5f3732c5
18.937500,dfb70f1e,5f370f1e
19.000000,dfb6ebf5,5f36ebf5
19.062500,dfb6c949,5f36c949
19.125000,dfb6a71a,5f36a71a
19.187500,dfb68565,5f368565
19.250000,dfb6642a,5f36642a
19.312500,dfb64368,5f364368
19.375000,dfb6231d,5f36231d
19.437500,dfb6034a,5f36034a
19.500000,dfb5e3ed,5f35e3ed
19.562500,dfb5c505,5f35c505
19.625000,dfb5a691,5f35a691
19.687500,dfb58891,5f358891
19.750000,dfb56b02,5f356b02
19.812500,dfb54de5,5f354de5
19.875000,dfb53139,5f353139
19.937500,dfb514fc,5f3514fc
20.000000,dfb4f92e,5f34f92e
20.062500,dfb4ddce,5f34ddce
20.125000,dfb4c2db,5f34c2db
20.187500,dfb4a854,5f34a854
20.250000,dfb48e39,5f348e39
20.312500,dfb47488,5f347488
20.375000,dfb45b41,5f345b41
20.437500,dfb44263,5f344263
20.500000,dfb429ed,5f3429ed
20.562500,dfb411de,5f3411de
20.625000,dfb3fa36,5f33fa36
20.687500,dfb3e2f3,5f33e2f3
20.750000,dfb3cc16,5f33cc16
20.812500,dfb3b59c,5f33b59c
20.875000,dfb39f87,5f339f87
20.937500,dfb389d4,5f3389d4
21.000000,dfb37483,5f337483
21.062500,dfb35f93,5f335f93
21.125000,dfb34b04,5f334b04
21.187500,dfb336d5,5f3336d5
21.250000,dfb32305,5f332305
21.312500,dfb30f93,5f330f93
21.375000,dfb2fc7f,5f32fc7f
21.437500,dfb2e9c8,5f32e9c8
21.500000,dfb2d76e,5f32d76e
21.562500,dfb2c56f,5f32c56f
21.625000,dfb2b3cc,5f32b3cc
21.687500,dfb2a282,5f32a282
21.750000,dfb29193,5f329193
21.812500,dfb280fd,5f3280fd
21.875000,dfb270bf,5f3270bf
21.937500,dfb260d9,5f3260d9
22.000000,dfb2514a,5f32514a
22.062500,dfb24212,5f324212
22.125000,dfb23330,5f323330
22.187500,dfb224a3,5f3224a3
22.250000,dfb2166b,5f32166b
22.312500,dfb20887,5f320887
22.375000,dfb1faf7,5f31faf7
22.437500,dfb1edba,5f31edba
22.500000,dfb1e0cf,5f31e0cf
22.562500,dfb1d436,5f31d436
22.625000,dfb1c7ee,5f31c7ee
22.687500,dfb1bbf8,5f31bbf8
22.750000,dfb1b051,5f31b051
22.812500,dfb1a4fa,5f31a4fa
22.875000,dfb199f2,5f3199f2
22.937500,dfb18f39,5f318f39
23.000000,dfb184cd,5f3184cd
23.062500,dfb17ab0,5f317ab0
23.125000,dfb170df,5f3170df
23.187500,dfb1675a,5f31675a
23.250000,dfb15e22,5f315e22
23.312500,dfb15535,5f315535
23.375000,dfb14c93,5f314c93
23.437500,dfb1443b,5f31443b
23.500000,dfb13c2e,5f313c2e
23.562500,dfb13469,5f313469
23.625000,dfb12cee,5f312cee
23.687500,dfb125bb,5f3125bb
23.750000,dfb11ed0,5f311ed0
23.812500,dfb1182d,5f31182d
23.875000,dfb111d1,5f3111d1
23.937500,dfb10bbb,5f310bbb
24.000000,dfb105ec,5f3105ec
24.062500,dfb10062,5f310062
24.125000,dfb0fb1d,5f30fb1d
24.187500,dfb0f61d,5f30f61d
24.250000,dfb0f162,5f30f162
24.312500,dfb0ecea,5f30ecea
24.375000,dfb0e8b6,5f30e8b6
24.437500,dfb0e4c5,5f30e4c5
24.500000,dfb0e116,5f30e116
24.562500,dfb0ddaa,5f30ddaa
24.625000,dfb0da7f,5f30da7f
24.687500,dfb0d796,5f30d796
24.750000,dfb0d4ed,5f30d4ed
24.812500,dfb0d285,5f30d285
24.875000,dfb0d05e,5f30d05e
24.937500,dfb0ce76,5f30ce76
25.000000,dfb0cccd,5f30cccd
25.062500,dfb0cb63,5f30cb63
25.125000,dfb0ca38,5f30ca38
25.187500,dfb0c94b,5f30c94b
25.250000,dfb0c89b,5f30c89b
25.312500,dfb0c829,5f30c829
25.375000,dfb0c7f4,5f30c7f4
25.437500,dfb0c7fc,5f30c7fc
25.500000,dfb0c83f,5f30c83f
25.562500,dfb0c8bf,5f30c8bf
25.625000,dfb0c97a,5f30c97a
25.687500,dfb0ca71,5f30ca71
25.750000,dfb0cba2,5f30cba2
25.812500,dfb0cd0d,5f30cd0d
25.875000,dfb0ceb3,5f30ceb3
25.937500,dfb0d092,5f30d092
26.000000,dfb0d2ab,5f30d2ab
26.062500,dfb0d4fd,5f30d4fd
26.125000,dfb0d787,5f30d787
26.187500,dfb0da4a,5f30da4a
26.250000,dfb0dd45,5f30dd45
26.312500,dfb0e078,5f30e078
26.375000,dfb0e3e2,5f30e3e2
26.437500,dfb0e783,5f30e783
26.500000,dfb0eb5a,5f30eb5a
26.562500,dfb0ef68,5f30ef68
26.625000,dfb0f3ac,5f30f3ac
26.687500,dfb0f826,5f30f826
26.750000,dfb0fcd6,5f30fcd6
26.812500,dfb101ba,5f3101ba
26.875000,dfb106d3,5f3106d3
26.937500,dfb10c21,5f310c21
27.000000,dfb111a3,5f3111a3
27.062500,dfb11759,5f311759
27.125000,dfb11d42,5f311d42
27.187500,dfb1235f,5f31235f
27.250000,dfb129af,5f3129af
27.312500,dfb13031,5f313031
27.375000,dfb136e6,5f3136e6
27.437500,dfb13dcd,5f313dcd
27.500000,dfb144e6,5f3144e6
27.562500,dfb14c31,5f314c31
27.625000,dfb153ad,5f3153ad
27.687500,dfb15b59,5f315b59
27.750000,dfb16337,5f316337
27.812500,dfb16b45,5f316b45
27.875000,dfb17383,5f317383
27.937500,dfb17bf1,5f317bf1
28.000000,dfb1848f,5f31848f
28.062500,dfb18d5c,5f318d5c
28.125000,dfb19659,5f319659
28.187500,dfb19f84,5f319f84
28.250000,dfb1a8de,5f31a8de
28.312500,dfb1b266,5f31b266
28.375000,dfb1bc1c,5f31bc1c
28.437500,dfb1c600,5f31c600
28.500000,dfb1d012,5f31d012
28.562500,dfb1da51,5f31da51
28.625000,dfb1e4bd,5f31e4bd
28.687500,dfb1ef56,5f31ef56
28.750000,dfb1fa1c,5f31fa1c
28.812500,dfb2050e,5f32050e
28.875000,dfb2102c,5f32102c
28.937500,dfb21b76,5f321b76
29.000000,dfb226eb,5f3226eb
29.062500,dfb2328c,5f32328c
29.125000,dfb23e58,5f323e58
29.187500,dfb24a4f,5f324a4f
29.250000,dfb25671,5f325671
29.312500,dfb262be,5f3262be
29.375000,dfb26f34,5f326f34
29.437500,dfb27bd5,5f327bd5
29.500000,dfb2889f,5f32889f
29.562500,dfb29593,5f329593
29.625000,dfb2a2b1,5f32a2b1
29.687500,dfb2aff7,5f32aff7
29.750000,dfb2bd67,5f32bd67
29.812500,dfb2caff,5f32caff
29.875000,dfb2d8c0,5f32d8c0
29.937500,dfb2e6a9,5f32e6a9
30.000000,dfb2f4ba,5f32f4ba
30.062500,dfb302f3,5f3302f3
30.125000,dfb31154,5f331154
30.187500,dfb31fdc,5f331fdc
30.250000,dfb32e8c,5f332e8c
30.312500,dfb33d62,5f333d62
30.375000,dfb34c60,5f334c60
30.437500,dfb35b84,5f335b84
30.500000,dfb36ace,5f336ace
30.562500,dfb37a3f,5f337a3f
30.625000,dfb389d6,5f3389d6
30.687500,dfb39993,5f339993
30.750000,dfb3a975,5f33a975
30.812500,dfb3b97d,5f33b97d
30.875000,dfb3c9aa,5f33c9aa
30.937500,dfb3d9fd,5f33d9fd
31.000000,dfb3ea74,5f33ea74
31.062500,dfb3fb10,5f33fb10
31.125000,dfb40bd0,5f340bd0
31.187500,dfb41cb5,5f341cb5
31.250000,dfb42dbf,5f342dbf
31.312500,dfb43eec,5f343eec
31.375000,dfb4503d,5f34503d
31.437500,dfb461b1,5f3461b1
31.500000,dfb4734a,5f34734a
31.562500,dfb48505,5f348505
31.625000,dfb496e4,5f3496e4
31.687500,dfb4a8e5,5f34a8e5
31.750000,dfb4bb09,5f34bb09
31.812500,dfb4cd50,5f34cd50
31.875000,dfb4dfba,5f34dfba
31.937500,dfb4f245,5f34f245
32.000000,dfb504f3,5f3504f3
32.062500,dfb4f7c3,5f34f7c3
32.125000,dfb4eab4,5f34eab4
32.187500,dfb4ddc7,5f34ddc7
32.250000,dfb4d0fc,5f34d0fc
32.312500,dfb4c452,5f34c452
32.375000,dfb4b7c9,5f34b7c9
32.437500,dfb4ab61,5f34ab61
32.500000,dfb49f19,5f349f19
32.562500,dfb492f3,5f3492f3
32.625000,dfb486ed,5f3486ed
32.687500,dfb47b07,5f347b07
32.750000,dfb46f41,5f346f41
32.812500,dfb4639c,5f34639c
32.875000,dfb45816,5f345816
32.937500,dfb44cb0,5f344cb0
33.000000,dfb4416a,5f34416a
33.062500,dfb43643,5f343643
33.125000,dfb42b3b,5f342b3b
33.187500,dfb42053,5f342053
33.250000,dfb41589,5f341589
33.312500,dfb40ade,5f340ade
33.375000,dfb40052,5f340052
33.437500,dfb3f5e5,5f33f5e5
33.500000,dfb3eb96,5f33eb96
33.562500,dfb3e165,5f33e165
33.625000,dfb3d752,5f33d752
33.687500,dfb3cd5e,5f33cd5e
33.750000,dfb3c387,5f33c387
33.812500,dfb3b9ce,5f33b9ce
33.875000,dfb3b032,5f33b032
33.937500,dfb3a6b4,5f33a6b4
34.000000,dfb39d53,5f339d53
34.062500,dfb39410,5f339410
34.125000,dfb38ae9,5f338ae9
34.187500,dfb381df,5f3381df
34.250000,dfb378f2,5f3378f2
34.312500,dfb37022,5f337022
34.375000,dfb3676e,5f33676e
34.437500,dfb35ed7,5f335ed7
34.500000,dfb3565c,5f33565c
34.562500,dfb34dfd,5f334dfd
34.625000,dfb345ba,5f3345ba
34.687500,dfb33d93,5f333d93
34.750000,dfb33587,5f333587
34.812500,dfb32d97,5f332d97
34.875000,dfb325c3,5f3325c3
34.937500,dfb31e0a,5f331e0a
35.000000,dfb3166c,5f33166c
35.062500,dfb30eea,5f330eea
35.125000,dfb30782,5f330782
35.187500,dfb30036,5f330036
35.250000,dfb2f904,5f32f904
35.312500,dfb2f1ed,5f32f1ed
35.375000,dfb2eaf0,5f32eaf0
35.437500,dfb2e40e,5f32e40e
35.500000,dfb2dd46,5f32dd46
35.562500,dfb2d698,5f32d698
35.625000,dfb2d004,5f32d004
35.687500,dfb2c98a,5f32c98a
35.750000,dfb2c32a,5f32c32a
35.812500,dfb2bce4,5f32bce4
35.875000,dfb2b6b7,5f32b6b7
35.937500,dfb2b0a4,5f32b0a4
36.000000,dfb2aaab,5f32aaab
36.062500,dfb2a4ca,5f32a4ca
36.125000,dfb29f03,5f329f03
36.187500,dfb29955,5f329955
36.250000,dfb293c0,5f3293c0
36.312500,dfb28e43,5f328e43
36.375000,dfb288e0,5f3288e0
36.437500,dfb28395,5f328395
36.500000,dfb27e62,5f327e62
36.562500,dfb27948,5f327948
36.625000,dfb27446,5f327446
36.687500,dfb26f5d,5f326f5d
36.750000,dfb26a8c,5f326a8c
36.812500,dfb265d2,5f3265d2
36.875000,dfb26131,5f326131
36.937500,dfb25ca7,5f325ca7
37.000000,dfb25835,5f325835
37.062500,dfb253db,5f3253db
37.125000,dfb24f98,5f324f98
37.187500,dfb24b6d,5f324b6d
37.250000,dfb24759,5f324759
37.312500,dfb2435c,5f32435c
37.375000,dfb23f76,5f323f76
37.437500,dfb23ba7,5f323ba7
37.500000,dfb237f0,5f3237f0
37.562500,dfb2344f,5f32344f
37.625000,dfb230c4,5f3230c4
37.687500,dfb22d51,5f322d51
37.750000,dfb229f4,5f3229f4
37.812500,dfb226ad,5f3226ad
37.875000,dfb2237d,5f32237d
37.937500,dfb22063,5f322063
38.000000,dfb21d5f,5f321d5f
38.062500,dfb21a72,5f321a72
38.125000,dfb2179a,5f32179a
38.187500,dfb214d8,5f3214d8
38.250000,dfb2122c,5f32122c
38.312500,dfb20f96,5f320f96
38.375000,dfb20d15,5f320d15
38.437500,dfb20aaa,5f320aaa
38.500000,dfb20855,5f320855
38.562500,dfb20615,5f320615
38.625000,dfb203ea,5f3203ea
38.687500,dfb201d4,5f3201d4
38.750000,dfb1ffd3,5f31ffd3
38.812500,dfb1fde8,5f31fde8
38.875000,dfb1fc11,5f31fc11
38.937500,dfb1fa4f,5f31fa4f
39.000000,dfb1f8a2,5f31f8a2
39.062500,dfb1f70a,5f31f70a
39.125000,dfb1f587,5f31f587
39.187500,dfb1f417,5f31f417
39.250000,dfb1f2bd,5f31f2bd
39.312500,dfb1f177,5f31f177
39.375000,dfb1f045,5f31f045
39.437500,dfb1ef27,5f31ef27
39.500000,dfb1ee1d,5f31ee1d
39.562500,dfb1ed28,5f31ed28
39.625000,dfb1ec46,5f31ec46
39.687500,dfb1eb78,5f31eb78
39.750000,dfb1eabe,5f31eabe
39.812500,dfb1ea18,5f31ea18
39.875000,dfb1e985,5f31e985
39.937500,dfb1e907,5f31e907
40.000000,dfb1e89b,5f31e89b
40.062500,dfb1e843,5f31e843
40.125000,dfb1e7fe,5f31e7fe
40.187500,dfb1e7cd,5f31e7cd
40.250000,dfb1e7af,5f31e7af
40.312500,dfb1e7a4,5f31e7a4
40.375000,dfb1e7ac,5f31e7ac
40.437500,dfb1e7c7,5f31e7c7
40.500000,dfb1e7f5,5f31e7f5
40.562500,dfb1e835,5f31e835
40.625000,dfb1e889,5f31e889
40.687500,dfb1e8ef,5f31e8ef
40.750000,dfb1e968,5f31e968
40.812500,dfb1e9f3,5f31e9f3
40.875000,dfb1ea91,5f31ea91
40.937500,dfb1eb41,5f31eb41
41.000000,dfb1ec04,5f31ec04
41.062500,dfb1ecd9,5f31ecd9
41.125000,dfb1edc0,5f31edc0
41.187500,dfb1eeb9,5f31eeb9
41.250000,dfb1efc4,5f31efc4
41.312500,dfb1f0e1,5f31f0e1
41.375000,dfb1f210,5f31f210
41.437500,dfb1f351,5f31f351
41.500000,dfb1f4a4,5f31f4a4
41.562500,dfb1f608,5f31f608
41.625000,dfb1f77f,5f31f77f
41.687500,dfb1f906,5f31f906
41.750000,dfb1faa0,5f31faa0
41.812500,dfb1fc4a,5f31fc4a
41.875000,dfb1fe06,5f31fe06
41.937500,dfb1ffd4,5f31ffd4
42.000000,dfb201b3,5f3201b3
42.062500,dfb203a2,5f3203a2
42.125000,dfb205a3,5f3205a3
42.187500,dfb207b6,5f3207b6
42.250000,dfb209d9,5f3209d9
42.312500,dfb20c0d,5f320c0d
42.375000,dfb20e52,5f320e52
42.437500,dfb210a7,5f3210a7
42.500000,dfb2130e,5f32130e
42.562500,dfb21585,5f321585
42.625000,dfb2180d,5f32180d
42.687500,dfb21aa5,5f321aa5
42.750000,dfb21d4e,5f321d4e
42.812500,dfb22008,5f322008
42.875000,dfb222d1,5f3222d1
42.937500,dfb225ab,5f3225ab
43.000000,dfb22896,5f322896
43.062500,dfb22b90,5f322b90
43.125000,dfb22e9b,5f322e9b
43.187500,dfb231b6,5f3231b6
43.250000,dfb234e1,5f3234e1
43.312500,dfb2381c,5f32381c
43.375000,dfb23b67,5f323b67
43.437500,dfb23ec1,5f323ec1
43.500000,dfb2422c,5f32422c
43.562500,dfb245a6,5f3245a6
43.625000,dfb24930,5f324930
43.687500,dfb24cc9,5f324cc9
43.750000,dfb25073,5f325073
43.812500,dfb2542b,5f32542b
43.875000,dfb257f3,5f3257f3
43.937500,dfb25bcb,5f325bcb
44.000000,dfb25fb2,5f325fb2
44.062500,dfb263a8,5f3263a8
44.125000,dfb267ae,5f3267ae
44.187500,dfb26bc2,5f326bc2
44.250000,dfb26fe6,5f326fe6
44.312500,dfb27419,5f327419
44.375000,dfb2785b,5f32785b
44.437500,dfb27cac,5f327cac
44.500000,dfb2810c,5f32810c
44.562500,dfb2857b,5f32857b
44.625000,dfb289f8,5f3289f8
44.687500,dfb28e85,5f328e85
44.750000,dfb29320,5f329320
44.812500,dfb297ca,5f3297ca
44.875000,dfb29c82,5f329c82
44.937500,dfb2a149,5f32a149
45.000000,dfb2a61f,5f32a61f
45.062500,dfb2ab03,5f32ab03
45.125000,dfb2aff5,5f32aff5
45.187500,dfb2b4f6,5f32b4f6
45.250000,dfb2ba05,5f32ba05
45.312500,dfb2bf23,5f32bf23
45.375000,dfb2c44e,5f32c44e
45.437500,dfb2c988,5f32c988
45.500000,dfb2ced0,5f32ced0
45.562500,dfb2d426,5f32d426
45.625000,dfb2d98a,5f32d98a
45.687500,dfb2defc,5f32defc
45.750000,dfb2e47c,5f32e47c
45.812500,dfb2ea0a,5f32ea0a
45.875000,dfb2efa5,5f32efa5
45.937500,dfb2f54f,5f32f54f
46.000000,dfb2fb06,5f32fb06
46.062500,dfb300cb,5f3300cb
46.125000,dfb3069e,5f33069e
46.187500,dfb30c7e,5f330c7e
46.250000,dfb3126c,5f33126c
46.312500,dfb31867,5f331867
46.375000,dfb31e70,5f331e70
46.437500,dfb32486,5f332486
46.500000,dfb32aa9,5f332aa9
46.562500,dfb330da,5f3330da
46.625000,dfb33718,5f333718
46.687500,dfb33d64,5f333d64
46.750000,dfb343bc,5f3343bc
46.812500,dfb34a22,5f334a22
46.875000,dfb35095,5f335095
46.937500,dfb35715,5f335715
47.000000,dfb35da2,5f335da2
47.062500,dfb3643c,5f33643c
47.125000,dfb36ae3,5f336ae3
47.187500,dfb37197,5f337197
47.250000,dfb37857,5f337857
47.312500,dfb37f25,5f337f25
47.375000,dfb385ff,5f3385ff
47.437500,dfb38ce6,5f338ce6
47.500000,dfb393d9,5f3393d9
47.562500,dfb39ada,5f339ada
47.625000,dfb3a1e7,5f33a1e7
47.687500,dfb3a900,5f33a900
47.750000,dfb3b026,5f33b026
47.812500,dfb3b758,5f33b758
47.875000,dfb3be97,5f33be97
47.937500,dfb3c5e3,5f33c5e3
48.000000,dfb3cd3a,5f33cd3a
48.062500,dfb3d49e,5f33d49e
48.125000,dfb3dc0e,5f33dc0e
48.187500,dfb3e38b,5f33e38b
48.250000,dfb3eb13,5f33eb13
48.312500,dfb3f2a8,5f33f2a8
48.375000,dfb3fa49,5f33fa49
48.437500,dfb401f6,5f3401f6
48.500000,dfb409af,5f3409af
48.562500,dfb41174,5f341174
48.625000,dfb41945,5f341945
48.687500,dfb42122,5f342122
48.750000,dfb4290b,5f34290b
48.812500,dfb43100,5f343100
48.875000,dfb43900,5f343900
48.937500,dfb4410d,5f34410d
49.000000,dfb44925,5f344925
49.062500,dfb45148,5f345148
49.125000,dfb45978,5f345978
49.187500,dfb461b3,5f3461b3
49.250000,dfb469f9,5f3469f9
49.312500,dfb4724b,5f34724b
49.375000,dfb47aa9,5f347aa9
49.437500,dfb48312,5f348312
49.500000,dfb48b87,5f348b87
49.562500,dfb49407,5f349407
49.625000,dfb49c92,5f349c92
49.687500,dfb4a529,5f34a529
49.750000,dfb4adca,5f34adca
49.812500,dfb4b678,5f34b678
49.875000,dfb4bf30,5f34bf30
49.937500,dfb4c7f4,5f34c7f4
50.000000,dfb4d0c3,5f34d0c3
50.062500,dfb4d99c,5f34d99c
50.125000,dfb4e281,5f34e281
50.187500,dfb4eb72,5f34eb72
50.250000,dfb4f46d,5f34f46d
50.312500,dfb4fd73,5f34fd73
50.375000,dfb50684,5f350684
50.437500,dfb50fa0,5f350fa0
50.500000,dfb518c6,5f3518c6
50.562500,dfb521f8,5f3521f8
50.625000,dfb52b35,5f352b35
50.687500,dfb5347c,5f35347c
50.750000,dfb53dce,5f353dce
50.812500,dfb5472a,5f35472a
50.875000,dfb55092,5f355092
50.937500,dfb55a04,5f355a04
51.000000,dfb56381,5f356381
51.062500,dfb56d08,5f356d08
51.125000,dfb5769a,5f35769a
51.187500,dfb58036,5f358036
51.250000,dfb589dd,5f3589dd
51.312500,dfb5938e,5f35938e
51.375000,dfb59d4a,5f359d4a
51.437500,dfb5a710,5f35a710
51.500000,dfb5b0e0,5f35b0e0
51.562500,dfb5babb,5f35babb
51.625000,dfb5c4a0,5f35c4a0
51.687500,dfb5ce8f,5f35ce8f
51.750000,dfb5d889,5f35d889
51.812500,dfb5e28d,5f35e28d
51.875000,dfb5ec9b,5f35ec9b
51.937500,dfb5f6b3,5f35f6b3
52.000000,dfb600d5,5f3600d5
52.062500,dfb60b01,5f360b01
52.125000,dfb61538,5f361538
52.187500,dfb61f78,5f361f78
52.250000,dfb629c2,5f3629c2
52.312500,dfb63417,5f363417
52.375000,dfb63e75,5f363e75
52.437500,dfb648dd,5f3648dd
52.500000,dfb6534f,5f36534f
52.562500,dfb65dcb,5f365dcb
52.625000,dfb66851,5f366851
52.687500,dfb672e0,5f3672e0
52.750000,dfb67d79,5f367d79
52.812500,dfb6881c,5f36881c
52.875000,dfb692c9,5f3692c9
52.937500,dfb69d7f,5f369d7f
53.000000,dfb6a83f,5f36a83f
53.062500,dfb6b309,5f36b309
53.125000,dfb6bddc,5f36bddc
53.187500,dfb6c8b9,5f36c8b9
53.250000,dfb6d39f,5f36d39f
53.312500,dfb6de8f,5f36de8f
53.375000,dfb6e988,5f36e988
53.437500,dfb6f48b,5f36f48b
53.500000,dfb6ff97,5f36ff97
53.562500,dfb70aad,5f370aad
53.625000,dfb715cb,5f3715cb
53.687500,dfb720f4,5f3720f4
53.750000,dfb72c25,5f372c25
53.812500,dfb73760,5f373760
53.875000,dfb742a4,5f3742a4
53.937500,dfb74df1,5f374df1
54.000000,dfb75948,5f375948
54.062500,dfb764a7,5f3764a7
54.125000,dfb77010,5f377010
54.187500,dfb77b82,5f377b82
54.250000,dfb786fd,5f3786fd
54.312500,dfb79281,5f379281
54.375000,dfb79e0e,5f379e0e
54.437500,dfb7a9a4,5f37a9a4
54.500000,dfb7b544,5f37b544
54.562500,dfb7c0ec,5f37c0ec
54.625000,dfb7cc9d,5f37cc9d
54.687500,dfb7d857,5f37d857
54.750000,dfb7e41a,5f37e41a
54.812500,dfb7efe5,5f37efe5
54.875000,dfb7fbba,5f37fbba
54.937500,dfb80797,5f380797
55.000000,dfb8137d,5f38137d
55.062500,dfb81f6c,5f381f6c
55.125000,dfb82b64,5f382b64
55.187500,dfb83764,5f383764
55.250000,dfb8436d,5f38436d
55.312500,dfb84f7f,5f384f7f
55.375000,dfb85b9a,5f385b9a
55.437500,dfb867bd,5f3867bd
55.500000,dfb873e8,5f3873e8
55.562500,dfb8801c,5f38801c
55.625000,dfb88c59,5f388c59
55.687500,dfb8989e,5f38989e
55.750000,dfb8a4ec,5f38a4ec
55.812500,dfb8b142,5f38b142
55.875000,dfb8bda1,5f38bda1
55.937500,dfb8ca08,5f38ca08
56.000000,dfb8d677,5f38d677
56.062500,dfb8e2ef,5f38e2ef
56.125000,dfb8ef6f,5f38ef6f
56.187500,dfb8fbf8,5f38fbf8
56.250000,dfb90889,5f390889
56.312500,dfb91522,5f391522
56.375000,dfb921c3,5f3921c3
56.437500,dfb92e6d,5f392e6d
56.500000,dfb93b1e,5f393b1e
56.562500,dfb947d8,5f3947d8
56.625000,dfb9549b,5f39549b
56.687500,dfb96165,5f396165
56.750000,dfb96e37,5f396e37
56.812500,dfb97b12,5f397b12
56.875000,dfb987f5,5f3987f5
56.937500,dfb994df,5f3994df
57.000000,dfb9a1d2,5f39a1d2
57.062500,dfb9aecd,5f39aecd
57.125000,dfb9bbd0,5f39bbd0
57.187500,dfb9c8da,5f39c8da
57.250000,dfb9d5ed,5f39d5ed
57.312500,dfb9e308,5f39e308
57.375000,dfb9f02a,5f39f02a
57.437500,dfb9fd55,5f39fd55
57.500000,dfba0a87,5f3a0a87
57.562500,dfba17c1,5f3a17c1
57.625000,dfba2503,5f3a2503
57.687500,dfba324d,5f3a324d
57.750000,dfba3f9e,5f3a3f9e
57.812500,dfba4cf7,5f3a4cf7
57.875000,dfba5a58,5f3a5a58
57.937500,dfba67c1,5f3a67c1
58.000000,dfba7532,5f3a7532
58.062500,dfba82aa,5f3a82aa
58.125000,dfba9029,5f3a9029
58.187500,dfba9db1,5f3a9db1
58.250000,dfbaab40,5f3aab40
58.312500,dfbab8d6,5f3ab8d6
58.375000,dfbac674,5f3ac674
58.437500,dfbad41a,5f3ad41a
58.500000,dfbae1c7,5f3ae1c7
58.562500,dfbaef7c,5f3aef7c
58.625000,dfbafd38,5f3afd38
58.687500,dfbb0afc,5f3b0afc
58.750000,dfbb18c7,5f3b18c7
58.812500,dfbb269a,5f3b269a
58.875000,dfbb3474,5f3b3474
58.937500,dfbb4255,5f3b4255
59.000000,dfbb503e,5f3b503e
59.062500,dfbb5e2e,5f3b5e2e
59.125000,dfbb6c25,5f3b6c25
59.187500,dfbb7a24,5f3b7a24
59.250000,dfbb882a,5f3b882a
59.312500,dfbb9638,5f3b9638
59.375000,dfbba44c,5f3ba44c
59.437500,dfbbb268,5f3bb268
59.500000,dfbbc08b,5f3bc08b
59.562500,dfbbceb5,5f3bceb5
59.625000,dfbbdce7,5f3bdce7
59.687500,dfbbeb1f,5f3beb1f
59.750000,dfbbf95f,5f3bf95f
59.812500,dfbc07a6,5f3c07a6
59.875000,dfbc15f4,5f3c15f4
59.937500,dfbc2449,5f3c2449
60.000000,dfbc32a5,5f3c32a5
60.062500,dfbc4108,5f3c4108
60.125000,dfbc4f72,5f3c4f72
60.187500,dfbc5de4,5f3c5de4
60.250000,dfbc6c5c,5f3c6c5c
60.312500,dfbc7adb,5f3c7adb
60.375000,dfbc8961,5f3c8961
60.437500,dfbc97ee,5f3c97ee
60.500000,dfbca682,5f3ca682
60.562500,dfbcb51d,5f3cb51d
60.625000,dfbcc3bf,5f3cc3bf
60.687500,dfbcd268,5f3cd268
60.750000,dfbce117,5f3ce117
60.812500,dfbcefce,5f3cefce
60.875000,dfbcfe8b,5f3cfe8b
60.937500,dfbd0d4f,5f3d0d4f
61.000000,dfbd1c1a,5f3d1c1a
61.062500,dfbd2aeb,5f3d2aeb
61.125000,dfbd39c3,5f3d39c3
61.187500,dfbd48a2,5f3d48a2
61.250000,dfbd5788,5f3d5788
61.312500,dfbd6675,5f3d6675
61.375000,dfbd7568,5f3d7568
61.437500,dfbd8461,5f3d8461
61.500000,dfbd9362,5f3d9362
61.562500,dfbda269,5f3da269
61.625000,dfbdb176,5f3db176
61.687500,dfbdc08b,5f3dc08b
61.750000,dfbdcfa6,5f3dcfa6
61.812500,dfbddec7,5f3ddec7
61.875000,dfbdedef,5f3dedef
61.937500,dfbdfd1d,5f3dfd1d
62.000000,dfbe0c52,5f3e0c52
62.062500,dfbe1b8e,5f3e1b8e
62.125000,dfbe2ad0,5f3e2ad0
62.187500,dfbe3a18,5f3e3a18
62.250000,dfbe4967,5f3e4967
62.312500,dfbe58bc,5f3e58bc
62.375000,dfbe6818,5f3e6818
62.437500,dfbe777a,5f3e777a
62.500000,dfbe86e2,5f3e86e2
62.562500,dfbe9651,5f3e9651
62.625000,dfbea5c6,5f3ea5c6
62.687500,dfbeb542,5f3eb542
62.750000,dfbec4c4,5f3ec4c4
62.812500,dfbed44c,5f3ed44c
62.875000,dfbee3da,5f3ee3da
62.937500,dfbef36f,5f3ef36f
63.000000,dfbf030a,5f3f030a
63.062500,dfbf12ab,5f3f12ab
63.125000,dfbf2253,5f3f2253
63.187500,dfbf3200,5f3f3200
63.250000,dfbf41b4,5f3f41b4
63.312500,dfbf516e,5f3f516e
63.375000,dfbf612e,5f3f612e
63.437500,dfbf70f5,5f3f70f5
63.500000,dfbf80c1,5f3f80c1
63.562500,dfbf9094,5f3f9094
63.625000,dfbfa06d,5f3fa06d
63.687500,dfbfb04b,5f3fb04b
63.750000,dfbfc030,5f3fc030
63.812500,dfbfd01b,5f3fd01b
63.875000,dfbfe00c,5f3fe00c
63.937500,dfbff003,5f3ff003
64.000000,dfc00000,5f400000
