Input,Constant,Output
0.000000,df3157cc,-19168360152088707072.000000
0.062500,5f3fffff,4.000000
0.125000,5f3504f2,2.828427
0.187500,5f34266c,2.309382
0.250000,5f3fffff,2.000000
0.312500,5f352b93,1.788852
0.375000,5f30fff1,1.632993
0.437500,5f31d1b1,1.511852
0.500000,5f3504f2,1.414214
0.562500,5f32abee,1.333333
0.625000,5f31d5dd,1.264911
0.687500,5f326c1f,1.206045
0.750000,5f34266c,1.154691
0.812500,5f36acd0,1.109363
0.875000,5f39aafa,1.068986
0.937500,5f3cd952,1.032758
1.000000,5f400000,1.000000
1.062500,5f3cbb65,0.970139
1.125000,5f39cb9c,0.942804
1.187500,5f374372,0.917660
1.250000,5f352b93,0.894426
1.312500,5f338522,0.872872
1.375000,5f324bed,0.852803
1.437500,5f31782e,0.834058
1.500000,5f30fff1,0.816497
1.562500,5f30d81c,0.800000
1.625000,5f30f539,0.784464
1.687500,5f314bff,0.769799
1.750000,5f31d1b1,0.755926
1.812500,5f327c5e,0.742778
1.875000,5f3342ff,0.730294
1.937500,5f341d89,0.718420
2.000000,5f3504f2,0.707107
2.062500,5f344c62,0.696311
2.125000,5f33a9e0,0.685994
2.187500,5f331ec6,0.676123
2.250000,5f32abee,0.666667
2.312500,5f3251c0,0.657596
2.375000,5f321043,0.648886
2.437500,5f31e729,0.640512
2.500000,5f31d5dd,0.632455
2.562500,5f31db91,0.624695
2.625000,5f31f749,0.617213
2.687500,5f3227e2,0.609994
2.750000,5f326c1f,0.603023
2.812500,5f32c2ad,0.596284
2.875000,5f332a2f,0.589767
2.937500,5f33a13c,0.583457
3.000000,5f34266c,0.577345
3.062500,5f34b857,0.571421
3.125000,5f35559b,0.565674
3.187500,5f35fcde,0.560097
3.250000,5f36acd0,0.554682
3.312500,5f37642e,0.549420
3.375000,5f3821c1,0.544305
3.437500,5f38e462,0.539332
3.500000,5f39aafa,0.534493
3.562500,5f3a7480,0.529784
3.625000,5f3b3ffe,0.525198
3.687500,5f3c0c8c,0.520732
3.750000,5f3cd952,0.516379
3.812500,5f3da58b,0.512135
3.875000,5f3e707e,0.507994
3.937500,5f3f3982,0.503951
4.000000,5f3fffff,0.500000
4.062500,5f3f2862,0.496139
4.125000,5f3e54be,0.492365
4.187500,5f3d8597,0.488677
4.250000,5f3cbb65,0.485070
4.312500,5f3bf690,0.481541
4.375000,5f3b3774,0.478089
4.437500,5f3a7e61,0.474710
4.500000,5f39cb9c,0.471402
4.562500,5f391f5d,0.468162
4.625000,5f3879d4,0.464989
4.687500,5f37db26,0.461878
4.750000,5f374372,0.458830
4.812500,5f36b2cb,0.455841
4.875000,5f362940,0.452910
4.937500,5f35a6d8,0.450034
5.000000,5f352b93,0.447213
5.062500,5f34b76b,0.444444
5.125000,5f344a56,0.441726
5.187500,5f33e444,0.439057
5.250000,5f338522,0.436436
5.312500,5f332cd9,0.433861
5.375000,5f32db4c,0.431331
5.437500,5f32905e,0.428845
5.500000,5f324bed,0.426401
5.562500,5f320dd7,0.423999
5.625000,5f31d5f5,0.421637
5.687500,5f31a420,0.419314
5.750000,5f31782e,0.417029
5.812500,5f3151f7,0.414781
5.875000,5f31314d,0.412568
5.937500,5f311605,0.410391
6.000000,5f30fff1,0.408248
6.062500,5f30eee4,0.406138
6.125000,5f30e2b1,0.404061
6.187500,5f30db28,0.402015
6.250000,5f30d81c,0.400000
6.312500,5f30d95f,0.398015
6.375000,5f30dec3,0.396059
6.437500,5f30e81b,0.394132
6.500000,5f30f539,0.392232
6.562500,5f3105f1,0.390360
6.625000,5f311a17,0.388514
6.687500,5f31317f,0.386694
6.750000,5f314bff,0.384899
6.812500,5f31696c,0.383130
6.875000,5f31899f,0.381384
6.937500,5f31ac6e,0.379662
7.000000,5f31d1b1,0.377963
7.062500,5f31f944,0.376287
7.125000,5f3222ff,0.374633
7.187500,5f324ebe,0.373000
7.250000,5f327c5e,0.371389
7.312500,5f32abbc,0.369798
7.375000,5f32dcb7,0.368228
7.437500,5f330f2d,0.366678
7.500000,5f3342ff,0.365147
7.562500,5f33780e,0.363635
7.625000,5f33ae3d,0.362142
7.687500,5f33e56f,0.360667
7.750000,5f341d89,0.359210
7.812500,5f34566f,0.357771
7.875000,5f349008,0.356348
7.937500,5f34ca3c,0.354943
8.000000,5f3504f2,0.353553
8.062500,5f34d4d5,0.352180
8.125000,5f34a604,0.350823
8.187500,5f347886,0.349482
8.250000,5f344c62,0.348155
8.312500,5f3421a0,0.346844
8.375000,5f33f846,0.345547
8.437500,5f33d05a,0.344265
8.500000,5f33a9e0,0.342997
8.562500,5f3384dd,0.341743
8.625000,5f336155,0.340503
8.687500,5f333f4d,0.339276
8.750000,5f331ec6,0.338062
8.812500,5f32ffc4,0.336861
8.875000,5f32e249,0.335673
8.937500,5f32c656,0.334497
9.000000,5f32abee,0.333333
9.062500,5f329311,0.332182
9.125000,5f327bbf,0.331042
9.187500,5f3265fa,0.329914
9.250000,5f3251c0,0.328798
9.312500,5f323f12,0.327693
9.375000,5f322def,0.326599
9.437500,5f321e55,0.325515
9.500000,5f321043,0.324443
9.562500,5f3203b8,0.323381
9.625000,5f31f8b1,0.322329
9.687500,5f31ef2d,0.321288
9.750000,5f31e729,0.320256
9.812500,5f31e0a2,0.319235
9.875000,5f31db95,0.318223
9.937500,5f31d7ff,0.317221
10.000000,5f31d5dd,0.316228
10.062500,5f31d52b,0.315244
10.125000,5f31d5e6,0.314270
10.187500,5f31d809,0.313304
10.250000,5f31db91,0.312347
10.312500,5f31e07a,0.311400
10.375000,5f31e6be,0.310460
10.437500,5f31ee5a,0.309529
10.500000,5f31f749,0.308607
10.562500,5f320186,0.307692
10.625000,5f320d0d,0.306786
10.687500,5f3219d8,0.305888
10.750000,5f3227e2,0.304997
10.812500,5f323727,0.304114
10.875000,5f3247a1,0.303239
10.937500,5f32594a,0.302372
11.000000,5f326c1f,0.301511
11.062500,5f328018,0.300658
11.125000,5f329532,0.299813
11.187500,5f32ab65,0.298974
11.250000,5f32c2ad,0.298142
11.312500,5f32db05,0.297317
11.375000,5f32f466,0.296499
11.437500,5f330ecb,0.295688
11.500000,5f332a2f,0.294883
11.562500,5f33468b,0.294085
11.625000,5f3363da,0.293293
11.687500,5f338217,0.292508
11.750000,5f33a13c,0.291729
11.812500,5f33c142,0.290956
11.875000,5f33e226,0.290189
11.937500,5f3403e0,0.289428
12.000000,5f34266c,0.288673
12.062500,5f3449c3,0.287924
12.125000,5f346de0,0.287180
12.187500,5f3492be,0.286443
12.250000,5f34b857,0.285711
12.312500,5f34dea5,0.284984
12.375000,5f3505a4,0.284263
12.437500,5f352d4d,0.283547
12.500000,5f35559b,0.282837
12.562500,5f357e89,0.282132
12.625000,5f35a812,0.281433
12.687500,5f35d230,0.280738
12.750000,5f35fcde,0.280049
12.812500,5f362817,0.279364
12.875000,5f3653d6,0.278685
12.937500,5f368015,0.278010
13.000000,5f36acd0,0.277341
13.062500,5f36da02,0.276676
13.125000,5f3707a6,0.276016
13.187500,5f3735b6,0.275361
13.250000,5f37642e,0.274710
13.312500,5f379309,0.274064
13.375000,5f37c244,0.273422
13.437500,5f37f1d8,0.272785
13.500000,5f3821c1,0.272153
13.562500,5f3851fb,0.271524
13.625000,5f388282,0.270901
13.687500,5f38b350,0.270281
13.750000,5f38e462,0.269666
13.812500,5f3915b4,0.269055
13.875000,5f394740,0.268448
13.937500,5f397904,0.267845
14.000000,5f39aafa,0.267246
14.062500,5f39dd1f,0.266652
14.125000,5f3a0f6f,0.266061
14.187500,5f3a41e6,0.265475
14.250000,5f3a7480,0.264892
14.312500,5f3aa73a,0.264313
14.375000,5f3ada0f,0.263738
14.437500,5f3b0cfc,0.263167
14.500000,5f3b3ffe,0.262599
14.562500,5f3b7311,0.262035
14.625000,5f3ba631,0.261475
14.687500,5f3bd95b,0.260919
14.750000,5f3c0c8c,0.260366
14.812500,5f3c3fc0,0.259817
14.875000,5f3c72f5,0.259271
14.937500,5f3ca627,0.258728
15.000000,5f3cd952,0.258189
15.062500,5f3d0c75,0.257654
15.125000,5f3d3f8c,0.257122
15.187500,5f3d7294,0.256593
15.250000,5f3da58b,0.256067
15.312500,5f3dd86d,0.255545
15.375000,5f3e0b38,0.255026
15.437500,5f3e3de9,0.254510
15.500000,5f3e707e,0.253997
15.562500,5f3ea2f3,0.253487
15.625000,5f3ed548,0.252980
15.687500,5f3f0778,0.252476
15.750000,5f3f3982,0.251975
15.812500,5f3f6b64,0.251477
15.875000,5f3f9d1b,0.250982
15.937500,5f3fcea5,0.250490
16.000000,5f3fffff,0.250000
16.062500,5f3fc9c1,0.249513
16.125000,5f3f93bb,0.249029
16.187500,5f3f5df0,0.248548
16.250000,5f3f2862,0.248069
16.312500,5f3ef314,0.247594
16.375000,5f3ebe08,0.247121
16.437500,5f3e8940,0.246650
16.500000,5f3e54be,0.246183
16.562500,5f3e2083,0.245718
16.625000,5f3dec93,0.245255
16.687500,5f3db8ee,0.244795
16.750000,5f3d8597,0.244338
16.812500,5f3d528f,0.243884
16.875000,5f3d1fd9,0.243432
16.937500,5f3ced74,0.242982
17.000000,5f3cbb65,0.242535
17.062500,5f3c89ab,0.242090
17.125000,5f3c5849,0.241648
17.187500,5f3c273f,0.241208
17.250000,5f3bf690,0.240771
17.312500,5f3bc63c,0.240336
17.375000,5f3b9646,0.239903
17.437500,5f3b66ad,0.239473
17.500000,5f3b3774,0.239045
17.562500,5f3b089c,0.238619
17.625000,5f3ada25,0.238195
17.687500,5f3aac11,0.237774
17.750000,5f3a7e61,0.237355
17.812500,5f3a5116,0.236938
17.875000,5f3a2431,0.236524
17.937500,5f39f7b3,0.236111
18.000000,5f39cb9c,0.235701
18.062500,5f399fee,0.235293
18.125000,5f3974a8,0.234887
18.187500,5f3949cd,0.234483
18.250000,5f391f5d,0.234081
18.312500,5f38f558,0.233681
18.375000,5f38cbbf,0.233284
18.437500,5f38a293,0.232888
18.500000,5f3879d4,0.232494
18.562500,5f385182,0.232103
18.625000,5f38299f,0.231713
18.687500,5f38022b,0.231325
18.750000,5f37db26,0.230939
18.812500,5f37b491,0.230555
18.875000,5f378e6b,0.230173
18.937500,5f3768b6,0.229793
19.000000,5f374372,0.229415
19.062500,5f371e9e,0.229039
19.125000,5f36fa3c,0.228664
19.187500,5f36d64b,0.228291
19.250000,5f36b2cb,0.227921
19.312500,5f368fbd,0.227551
19.375000,5f366d22,0.227184
19.437500,5f364af8,0.226819
19.500000,5f362940,0.226455
19.562500,5f3607fb,0.226093
19.625000,5f35e728,0.225733
19.687500,5f35c6c7,0.225374
19.750000,5f35a6d8,0.225017
19.812500,5f35875b,0.224662
19.875000,5f356851,0.224309
19.937500,5f3549b9,0.223957
20.000000,5f352b93,0.223607
20.062500,5f350dde,0.223258
20.125000,5f34f09b,0.222911
20.187500,5f34d3ca,0.222566
20.250000,5f34b76b,0.222222
20.312500,5f349b7c,0.221880
20.375000,5f347fff,0.221539
20.437500,5f3464f2,0.221200
20.500000,5f344a56,0.220863
20.562500,5f34302a,0.220527
20.625000,5f34166e,0.220193
20.687500,5f33fd21,0.219860
20.750000,5f33e444,0.219528
20.812500,5f33cbd6,0.219199
20.875000,5f33b3d7,0.218870
20.937500,5f339c46,0.218543
21.000000,5f338522,0.218218
21.062500,5f336e6d,0.217894
21.125000,5f335824,0.217571
21.187500,5f334248,0.217250
21.250000,5f332cd9,0.216930
21.312500,5f3317d5,0.216612
21.375000,5f33033d,0.216295
21.437500,5f32ef0f,0.215980
21.500000,5f32db4c,0.215666
21.562500,5f32c7f3,0.215353
21.625000,5f32b503,0.215041
21.687500,5f32a27c,0.214731
21.750000,5f32905e,0.214423
21.812500,5f327ea7,0.214115
21.875000,5f326d58,0.213809
21.937500,5f325c70,0.213504
22.000000,5f324bed,0.213201
22.062500,5f323bd1,0.212899
22.125000,5f322c19,0.212598
22.187500,5f321cc6,0.212298
22.250000,5f320dd7,0.212000
22.312500,5f31ff4b,0.211702
22.375000,5f31f122,0.211407
22.437500,5f31e35b,0.211112
22.500000,5f31d5f5,0.210818
22.562500,5f31c8f0,0.210526
22.625000,5f31bc4b,0.210235
22.687500,5f31b006,0.209946
22.750000,5f31a420,0.209657
22.812500,5f319898,0.209370
22.875000,5f318d6d,0.209083
22.937500,5f3182a0,0.208798
23.000000,5f31782e,0.208514
23.062500,5f316e19,0.208232
23.125000,5f31645e,0.207950
23.187500,5f315afd,0.207670
23.250000,5f3151f7,0.207390
23.312500,5f314949,0.207112
23.375000,5f3140f3,0.206835
23.437500,5f3138f5,0.206559
23.500000,5f31314d,0.206284
23.562500,5f3129fc,0.206010
23.625000,5f312300,0.205738
23.687500,5f311c58,0.205466
23.750000,5f311605,0.205196
23.812500,5f311005,0.204926
23.875000,5f310a57,0.204658
23.937500,5f3104fc,0.204390
24.000000,5f30fff1,0.204124
24.062500,5f30fb37,0.203859
24.125000,5f30f6cd,0.203595
24.187500,5f30f2b1,0.203331
24.250000,5f30eee4,0.203069
24.312500,5f30eb65,0.202808
24.375000,5f30e832,0.202548
24.437500,5f30e54c,0.202289
24.500000,5f30e2b1,0.202031
24.562500,5f30e060,0.201773
24.625000,5f30de5a,0.201517
24.687500,5f30dc9c,0.201262
24.750000,5f30db28,0.201008
24.812500,5f30d9fb,0.200754
24.875000,5f30d915,0.200502
24.937500,5f30d876,0.200250
25.000000,5f30d81c,0.200000
25.062500,5f30d807,0.199750
25.125000,5f30d836,0.199502
25.187500,5f30d8a9,0.199254
25.250000,5f30d95f,0.199007
25.312500,5f30da57,0.198762
25.375000,5f30db90,0.198517
25.437500,5f30dd09,0.198273
25.500000,5f30dec3,0.198029
25.562500,5f30e0bc,0.197787
25.625000,5f30e2f3,0.197546
25.687500,5f30e569,0.197305
25.750000,5f30e81b,0.197066
25.812500,5f30eb0a,0.196827
25.875000,5f30ee34,0.196589
25.937500,5f30f199,0.196352
26.000000,5f30f539,0.196116
26.062500,5f30f912,0.195881
26.125000,5f30fd25,0.195646
26.187500,5f31016f,0.195413
26.250000,5f3105f1,0.195180
26.312500,5f310aaa,0.194948
26.375000,5f310f99,0.194717
26.437500,5f3114be,0.194486
26.500000,5f311a17,0.194257
26.562500,5f311fa4,0.194028
26.625000,5f312565,0.193800
26.687500,5f312b59,0.193573
26.750000,5f31317f,0.193347
26.812500,5f3137d7,0.193121
26.875000,5f313e5f,0.192897
26.937500,5f314517,0.192673
27.000000,5f314bff,0.192450
27.062500,5f315316,0.192227
27.125000,5f315a5a,0.192006
27.187500,5f3161cd,0.191785
27.250000,5f31696c,0.191565
27.312500,5f317138,0.191345
27.375000,5f31792f,0.191127
27.437500,5f318152,0.190909
27.500000,5f31899f,0.190692
27.562500,5f319215,0.190476
27.625000,5f319ab5,0.190260
27.687500,5f31a37d,0.190045
27.750000,5f31ac6e,0.189831
27.812500,5f31b585,0.189618
27.875000,5f31bec3,0.189405
27.937500,5f31c828,0.189193
28.000000,5f31d1b1,0.188982
28.062500,5f31db60,0.188771
28.125000,5f31e533,0.188561
28.187500,5f31ef2a,0.188352
28.250000,5f31f944,0.188143
28.312500,5f320380,0.187936
28.375000,5f320ddf,0.187729
28.437500,5f32185e,0.187522
28.500000,5f3222ff,0.187316
28.562500,5f322dc0,0.187111
28.625000,5f3238a0,0.186907
28.687500,5f3243a0,0.186703
28.750000,5f324ebe,0.186500
28.812500,5f3259fb,0.186298
28.875000,5f326554,0.186096
28.937500,5f3270cb,0.185895
29.000000,5f327c5e,0.185694
29.062500,5f32880d,0.185495
29.125000,5f3293d8,0.185296
29.187500,5f329fbd,0.185097
29.250000,5f32abbc,0.184899
29.312500,5f32b7d6,0.184702
29.375000,5f32c408,0.184505
29.437500,5f32d053,0.184309
29.500000,5f32dcb7,0.184114
29.562500,5f32e932,0.183919
29.625000,5f32f5c4,0.183725
29.687500,5f33026d,0.183532
29.750000,5f330f2d,0.183339
29.812500,5f331c02,0.183147
29.875000,5f3328ec,0.182955
29.937500,5f3335eb,0.182764
30.000000,5f3342ff,0.182573
30.062500,5f335026,0.182384
30.125000,5f335d60,0.182194
30.187500,5f336aae,0.182006
30.250000,5f33780e,0.181818
30.312500,5f338580,0.181630
30.375000,5f339303,0.181443
30.437500,5f33a098,0.181257
30.500000,5f33ae3d,0.181071
30.562500,5f33bbf2,0.180886
30.625000,5f33c9b7,0.180701
30.687500,5f33d78c,0.180517
30.750000,5f33e56f,0.180333
30.812500,5f33f361,0.180151
30.875000,5f340161,0.179968
30.937500,5f340f6e,0.179786
31.000000,5f341d89,0.179605
31.062500,5f342bb0,0.179424
31.125000,5f3439e4,0.179244
31.187500,5f344824,0.179064
31.250000,5f34566f,0.178885
31.312500,5f3464c6,0.178707
31.375000,5f347327,0.178529
31.437500,5f348193,0.178351
31.500000,5f349008,0.178174
31.562500,5f349e88,0.177998
31.625000,5f34ad10,0.177822
31.687500,5f34bba2,0.177646
31.750000,5f34ca3c,0.177471
31.812500,5f34d8de,0.177297
31.875000,5f34e788,0.177123
31.937500,5f34f63a,0.176950
32.000000,5f3504f2,0.176777
32.062500,5f34f8cd,0.176604
32.125000,5f34ecbb,0.176432
32.187500,5f34e0be,0.176261
32.250000,5f34d4d5,0.176090
32.312500,5f34c901,0.175920
32.375000,5f34bd43,0.175750
32.437500,5f34b199,0.175581
32.500000,5f34a604,0.175412
32.562500,5f349a84,0.175243
32.625000,5f348f1a,0.175075
32.687500,5f3483c5,0.174908
32.750000,5f347886,0.174741
32.812500,5f346d5c,0.174574
32.875000,5f346248,0.174408
32.937500,5f34574a,0.174243
33.000000,5f344c62,0.174078
33.062500,5f344190,0.173913
33.125000,5f3436d5,0.173749
33.187500,5f342c2f,0.173585
33.250000,5f3421a0,0.173422
33.312500,5f341728,0.173259
33.375000,5f340cc6,0.173097
33.437500,5f34027b,0.172935
33.500000,5f33f846,0.172774
33.562500,5f33ee29,0.172613
33.625000,5f33e422,0.172452
33.687500,5f33da32,0.172292
33.750000,5f33d05a,0.172133
33.812500,5f33c698,0.171973
33.875000,5f33bcee,0.171815
33.937500,5f33b35b,0.171656
34.000000,5f33a9e0,0.171499
34.062500,5f33a07c,0.171341
34.125000,5f33972f,0.171184
34.187500,5f338dfa,0.171028
34.250000,5f3384dd,0.170872
34.312500,5f337bd7,0.170716
34.375000,5f3372ea,0.170561
34.437500,5f336a14,0.170406
34.500000,5f336155,0.170251
34.562500,5f3358af,0.170097
34.625000,5f335021,0.169944
34.687500,5f3347ab,0.169791
34.750000,5f333f4d,0.169638
34.812500,5f333707,0.169485
34.875000,5f332ed9,0.169334
34.937500,5f3326c3,0.169182
35.000000,5f331ec6,0.169031
35.062500,5f3316e1,0.168880
35.125000,5f330f14,0.168730
35.187500,5f330760,0.168580
35.250000,5f32ffc4,0.168430
35.312500,5f32f840,0.168281
35.375000,5f32f0d5,0.168133
35.437500,5f32e983,0.167984
35.500000,5f32e249,0.167836
35.562500,5f32db27,0.167689
35.625000,5f32d41e,0.167542
35.687500,5f32cd2e,0.167395
35.750000,5f32c656,0.167248
35.812500,5f32bf97,0.167102
35.875000,5f32b8f1,0.166957
35.937500,5f32b263,0.166812
36.000000,5f32abee,0.166667
36.062500,5f32a592,0.166522
36.125000,5f329f4e,0.166378
36.187500,5f329923,0.166234
36.250000,5f329311,0.166091
36.312500,5f328d17,0.165948
36.375000,5f328737,0.165805
36.437500,5f32816f,0.165663
36.500000,5f327bbf,0.165521
36.562500,5f327629,0.165380
36.625000,5f3270ab,0.165238
36.687500,5f326b46,0.165098
36.750000,5f3265fa,0.164957
36.812500,5f3260c6,0.164817
36.875000,5f325bac,0.164677
36.937500,5f3256aa,0.164538
37.000000,5f3251c0,0.164399
37.062500,5f324cf0,0.164260
37.125000,5f324838,0.164122
37.187500,5f324399,0.163984
37.250000,5f323f12,0.163846
37.312500,5f323aa4,0.163709
37.375000,5f32364f,0.163572
37.437500,5f323213,0.163436
37.500000,5f322def,0.163299
37.562500,5f3229e3,0.163163
37.625000,5f3225f1,0.163028
37.687500,5f322217,0.162893
37.750000,5f321e55,0.162758
37.812500,5f321aac,0.162623
37.875000,5f32171b,0.162489
37.937500,5f3213a3,0.162355
38.000000,5f321043,0.162221
38.062500,5f320cfc,0.162088
38.125000,5f3209cd,0.161955
38.187500,5f3206b6,0.161823
38.250000,5f3203b8,0.161690
38.312500,5f3200d2,0.161558
38.375000,5f31fe04,0.161427
38.437500,5f31fb4f,0.161296
38.500000,5f31f8b1,0.161165
38.562500,5f31f62c,0.161034
38.625000,5f31f3bf,0.160904
38.687500,5f31f16a,0.160774
38.750000,5f31ef2d,0.160644
38.812500,5f31ed08,0.160514
38.875000,5f31eafb,0.160385
38.937500,5f31e906,0.160257
39.000000,5f31e729,0.160128
39.062500,5f31e563,0.160000
39.125000,5f31e3b6,0.159872
39.187500,5f31e220,0.159745
39.250000,5f31e0a2,0.159617
39.312500,5f31df3b,0.159490
39.375000,5f31ddec,0.159364
39.437500,5f31dcb5,0.159237
39.500000,5f31db95,0.159111
39.562500,5f31da8c,0.158986
39.625000,5f31d99b,0.158860
39.687500,5f31d8c1,0.158735
39.750000,5f31d7ff,0.158610
39.812500,5f31d754,0.158486
39.875000,5f31d6c0,0.158361
39.937500,5f31d643,0.158238
40.000000,5f31d5dd,0.158114
40.062500,5f31d58e,0.157990
40.125000,5f31d556,0.157867
40.187500,5f31d535,0.157745
40.250000,5f31d52b,0.157622
40.312500,5f31d538,0.157500
40.375000,5f31d55b,0.157378
40.437500,5f31d595,0.157256
40.500000,5f31d5e6,0.157135
40.562500,5f31d64d,0.157014
40.625000,5f31d6cb,0.156893
40.687500,5f31d75f,0.156772
40.750000,5f31d809,0.156652
40.812500,5f31d8ca,0.156532
40.875000,5f31d9a1,0.156412
40.937500,5f31da8e,0.156293
41.000000,5f31db91,0.156174
41.062500,5f31dcab,0.156055
41.125000,5f31ddda,0.155936
41.187500,5f31df1f,0.155818
41.250000,5f31e07a,0.155700
41.312500,5f31e1ea,0.155582
41.375000,5f31e371,0.155464
41.437500,5f31e50d,0.155347
41.500000,5f31e6be,0.155230
41.562500,5f31e885,0.155113
41.625000,5f31ea61,0.154997
41.687500,5f31ec53,0.154881
41.750000,5f31ee5a,0.154765
41.812500,5f31f076,0.154649
41.875000,5f31f2a7,0.154533
41.937500,5f31f4ee,0.154418
42.000000,5f31f749,0.154303
42.062500,5f31f9b9,0.154189
42.125000,5f31fc3e,0.154074
42.187500,5f31fed8,0.153960
42.250000,5f320186,0.153846
42.312500,5f320449,0.153732
42.375000,5f320721,0.153619
42.437500,5f320a0c,0.153506
42.500000,5f320d0d,0.153393
42.562500,5f321021,0.153280
42.625000,5f32134a,0.153168
42.687500,5f321687,0.153056
42.750000,5f3219d8,0.152944
42.812500,5f321d3d,0.152832
42.875000,5f3220b5,0.152721
42.937500,5f322442,0.152610
43.000000,5f3227e2,0.152499
43.062500,5f322b96,0.152388
43.125000,5f322f5d,0.152277
43.187500,5f323338,0.152167
43.250000,5f323727,0.152057
43.312500,5f323b29,0.151947
43.375000,5f323f3d,0.151838
43.437500,5f324366,0.151729
43.500000,5f3247a1,0.151620
43.562500,5f324bef,0.151511
43.625000,5f325050,0.151402
43.687500,5f3254c4,0.151294
43.750000,5f32594a,0.151186
43.812500,5f325de4,0.151078
43.875000,5f326290,0.150970
43.937500,5f32674e,0.150863
44.000000,5f326c1f,0.150756
44.062500,5f327102,0.150649
44.125000,5f3275f7,0.150542
44.187500,5f327aff,0.150435
44.250000,5f328018,0.150329
44.312500,5f328544,0.150223
44.375000,5f328a81,0.150117
44.437500,5f328fd1,0.150012
44.500000,5f329532,0.149906
44.562500,5f329aa4,0.149801
44.625000,5f32a028,0.149696
44.687500,5f32a5be,0.149591
44.750000,5f32ab65,0.149487
44.812500,5f32b11d,0.149383
44.875000,5f32b6e7,0.149279
44.937500,5f32bcc2,0.149175
45.000000,5f32c2ad,0.149071
45.062500,5f32c8aa,0.148968
45.125000,5f32ceb8,0.148864
45.187500,5f32d4d6,0.148761
45.250000,5f32db05,0.148659
45.312500,5f32e144,0.148556
45.375000,5f32e795,0.148454
45.437500,5f32edf5,0.148352
45.500000,5f32f466,0.148250
45.562500,5f32fae7,0.148148
45.625000,5f330178,0.148046
45.687500,5f33081a,0.147945
45.750000,5f330ecb,0.147844
45.812500,5f33158c,0.147743
45.875000,5f331c5d,0.147642
45.937500,5f33233e,0.147542
46.000000,5f332a2f,0.147442
46.062500,5f33312e,0.147342
46.125000,5f33383e,0.147242
46.187500,5f333f5d,0.147142
46.250000,5f33468b,0.147043
46.312500,5f334dc8,0.146943
46.375000,5f335514,0.146844
46.437500,5f335c70,0.146745
46.500000,5f3363da,0.146647
46.562500,5f336b53,0.146548
46.625000,5f3372db,0.146450
46.687500,5f337a72,0.146352
46.750000,5f338217,0.146254
46.812500,5f3389cb,0.146156
46.875000,5f33918d,0.146059
46.937500,5f33995d,0.145961
47.000000,5f33a13c,0.145864
47.062500,5f33a928,0.145767
47.125000,5f33b123,0.145671
47.187500,5f33b92c,0.145574
47.250000,5f33c142,0.145478
47.312500,5f33c967,0.145382
47.375000,5f33d199,0.145286
47.437500,5f33d9d9,0.145190
47.500000,5f33e226,0.145094
47.562500,5f33ea80,0.144999
47.625000,5f33f2e8,0.144904
47.687500,5f33fb5e,0.144809
47.750000,5f3403e0,0.144714
47.812500,5f340c70,0.144619
47.875000,5f34150c,0.144525
47.937500,5f341db5,0.144430
48.000000,5f34266c,0.144336
48.062500,5f342f2f,0.144242
48.125000,5f3437fe,0.144149
48.187500,5f3440da,0.144055
48.250000,5f3449c3,0.143962
48.312500,5f3452b8,0.143869
48.375000,5f345bb9,0.143776
48.437500,5f3464c7,0.143683
48.500000,5f346de0,0.143590
48.562500,5f347706,0.143498
48.625000,5f348037,0.143405
48.687500,5f348975,0.143313
48.750000,5f3492be,0.143221
48.812500,5f349c13,0.143129
48.875000,5f34a573,0.143038
48.937500,5f34aedf,0.142946
49.000000,5f34b857,0.142855
49.062500,5f34c1da,0.142764
49.125000,5f34cb68,0.142673
49.187500,5f34d501,0.142583
49.250000,5f34dea5,0.142492
49.312500,5f34e855,0.142402
49.375000,5f34f20f,0.142311
49.437500,5f34fbd4,0.142221
49.500000,5f3505a4,0.142132
49.562500,5f350f7e,0.142042
49.625000,5f351963,0.141952
49.687500,5f352353,0.141863
49.750000,5f352d4d,0.141774
49.812500,5f353751,0.141685
49.875000,5f354160,0.141596
49.937500,5f354b78,0.141507
50.000000,5f35559b,0.141419
50.062500,5f355fc8,0.141330
50.125000,5f3569ff,0.141242
50.187500,5f35743f,0.141154
50.250000,5f357e89,0.141066
50.312500,5f3588dd,0.140978
50.375000,5f35933b,0.140891
50.437500,5f359da2,0.140804
50.500000,5f35a812,0.140716
50.562500,5f35b28c,0.140629
50.625000,5f35bd0f,0.140542
50.687500,5f35c79b,0.140456
50.750000,5f35d230,0.140369
50.812500,5f35dcce,0.140283
50.875000,5f35e776,0.140196
50.937500,5f35f226,0.140110
51.000000,5f35fcde,0.140024
51.062500,5f3607a0,0.139939
51.125000,5f36126a,0.139853
51.187500,5f361d3c,0.139767
51.250000,5f362817,0.139682
51.312500,5f3632fb,0.139597
51.375000,5f363de6,0.139512
51.437500,5f3648da,0.139427
51.500000,5f3653d6,0.139342
51.562500,5f365eda,0.139258
51.625000,5f3669e6,0.139174
51.687500,5f3674fa,0.139089
51.750000,5f368015,0.139005
51.812500,5f368b39,0.138921
51.875000,5f369664,0.138837
51.937500,5f36a196,0.138754
52.000000,5f36acd0,0.138670
52.062500,5f36b812,0.138587
52.125000,5f36c35b,0.138504
52.187500,5f36ceab,0.138421
52.250000,5f36da02,0.138338
52.312500,5f36e561,0.138255
52.375000,5f36f0c6,0.138173
52.437500,5f36fc32,0.138090
52.500000,5f3707a6,0.138008
52.562500,5f371320,0.137926
52.625000,5f371ea0,0.137844
52.687500,5f372a28,0.137762
52.750000,5f3735b6,0.137680
52.812500,5f37414a,0.137599
52.875000,5f374ce5,0.137517
52.937500,5f375886,0.137436
53.000000,5f37642e,0.137355
53.062500,5f376fdc,0.137274
53.125000,5f377b90,0.137193
53.187500,5f37874a,0.137112
53.250000,5f379309,0.137032
53.312500,5f379ecf,0.136951
53.375000,5f37aa9b,0.136871
53.437500,5f37b66c,0.136791
53.500000,5f37c244,0.136711
53.562500,5f37ce20,0.136631
53.625000,5f37da03,0.136552
53.687500,5f37e5ea,0.136472
53.750000,5f37f1d8,0.136393
53.812500,5f37fdca,0.136313
53.875000,5f3809c2,0.136234
53.937500,5f3815bf,0.136155
54.000000,5f3821c1,0.136076
54.062500,5f382dc8,0.135998
54.125000,5f3839d4,0.135919
54.187500,5f3845e5,0.135841
54.250000,5f3851fb,0.135762
54.312500,5f385e16,0.135684
54.375000,5f386a35,0.135606
54.437500,5f387659,0.135528
54.500000,5f388282,0.135450
54.562500,5f388eaf,0.135373
54.625000,5f389ae0,0.135295
54.687500,5f38a716,0.135218
54.750000,5f38b350,0.135141
54.812500,5f38bf8e,0.135063
54.875000,5f38cbd1,0.134986
54.937500,5f38d818,0.134910
55.000000,5f38e462,0.134833
55.062500,5f38f0b1,0.134756
55.125000,5f38fd03,0.134680
55.187500,5f390959,0.134604
55.250000,5f3915b4,0.134527
55.312500,5f392211,0.134451
55.375000,5f392e73,0.134375
55.437500,5f393ad8,0.134300
55.500000,5f394740,0.134224
55.562500,5f3953ac,0.134148
55.625000,5f39601b,0.134073
55.687500,5f396c8e,0.133998
55.750000,5f397904,0.133923
55.812500,5f39857c,0.133848
55.875000,5f3991f9,0.133773
55.937500,5f399e78,0.133698
56.000000,5f39aafa,0.133623
56.062500,5f39b77f,0.133549
56.125000,5f39c407,0.133474
56.187500,5f39d092,0.133400
56.250000,5f39dd1f,0.133326
56.312500,5f39e9af,0.133252
56.375000,5f39f642,0.133178
56.437500,5f3a02d7,0.133104
56.500000,5f3a0f6f,0.133031
56.562500,5f3a1c09,0.132957
56.625000,5f3a28a6,0.132884
56.687500,5f3a3545,0.132810
56.750000,5f3a41e6,0.132737
56.812500,5f3a4e8a,0.132664
56.875000,5f3a5b2f,0.132591
56.937500,5f3a67d7,0.132519
57.000000,5f3a7480,0.132446
57.062500,5f3a812c,0.132373
57.125000,5f3a8dd9,0.132301
57.187500,5f3a9a89,0.132229
57.250000,5f3aa73a,0.132156
57.312500,5f3ab3ed,0.132084
57.375000,5f3ac0a1,0.132012
57.437500,5f3acd57,0.131941
57.500000,5f3ada0f,0.131869
57.562500,5f3ae6c8,0.131797
57.625000,5f3af383,0.131726
57.687500,5f3b003f,0.131655
57.750000,5f3b0cfc,0.131583
57.812500,5f3b19bb,0.131512
57.875000,5f3b267b,0.131441
57.937500,5f3b333c,0.131370
58.000000,5f3b3ffe,0.131300
58.062500,5f3b4cc1,0.131229
58.125000,5f3b5986,0.131158
58.187500,5f3b664b,0.131088
58.250000,5f3b7311,0.131018
58.312500,5f3b7fd8,0.130948
58.375000,5f3b8c9f,0.130877
58.437500,5f3b9968,0.130807
58.500000,5f3ba631,0.130738
58.562500,5f3bb2fb,0.130668
58.625000,5f3bbfc5,0.130598
58.687500,5f3bcc90,0.130529
58.750000,5f3bd95b,0.130459
58.812500,5f3be627,0.130390
58.875000,5f3bf2f3,0.130321
58.937500,5f3bffbf,0.130252
59.000000,5f3c0c8c,0.130183
59.062500,5f3c1959,0.130114
59.125000,5f3c2626,0.130045
59.187500,5f3c32f3,0.129977
59.250000,5f3c3fc0,0.129908
59.312500,5f3c4c8d,0.129840
59.375000,5f3c595b,0.129772
59.437500,5f3c6628,0.129703
59.500000,5f3c72f5,0.129635
59.562500,5f3c7fc2,0.129567
59.625000,5f3c8c8e,0.129500
59.687500,5f3c995b,0.129432
59.750000,5f3ca627,0.129364
59.812500,5f3cb2f2,0.129297
59.875000,5f3cbfbd,0.129229
59.937500,5f3ccc88,0.129162
60.000000,5f3cd952,0.129095
60.062500,5f3ce61c,0.129028
60.125000,5f3cf2e5,0.128961
60.187500,5f3cffae,0.128894
60.250000,5f3d0c75,0.128827
60.312500,5f3d193c,0.128760
60.375000,5f3d2602,0.128694
60.437500,5f3d32c8,0.128627
60.500000,5f3d3f8c,0.128561
60.562500,5f3d4c50,0.128495
60.625000,5f3d5912,0.128428
60.687500,5f3d65d4,0.128362
60.750000,5f3d7294,0.128296
60.812500,5f3d7f54,0.128231
60.875000,5f3d8c12,0.128165
60.937500,5f3d98cf,0.128099
61.000000,5f3da58b,0.128034
61.062500,5f3db245,0.127968
61.125000,5f3dbeff,0.127903
61.187500,5f3dcbb6,0.127838
61.250000,5f3dd86d,0.127772
61.312500,5f3de522,0.127707
61.375000,5f3df1d5,0.127642
61.437500,5f3dfe87,0.127578
61.500000,5f3e0b38,0.127513
61.562500,5f3e17e7,0.127448
61.625000,5f3e2494,0.127384
61.687500,5f3e313f,0.127319
61.750000,5f3e3de9,0.127255
61.812500,5f3e4a91,0.127191
61.875000,5f3e5737,0.127126
61.937500,5f3e63db,0.127062
62.000000,5f3e707e,0.126998
62.062500,5f3e7d1e,0.126935
62.125000,5f3e89bd,0.126871
62.187500,5f3e9659,0.126807
62.250000,5f3ea2f3,0.126743
62.312500,5f3eaf8c,0.126680
62.375000,5f3ebc22,0.126617
62.437500,5f3ec8b6,0.126553
62.500000,5f3ed548,0.126490
62.562500,5f3ee1d7,0.126427
62.625000,5f3eee65,0.126364
62.687500,5f3efaef,0.126301
62.750000,5f3f0778,0.126238
62.812500,5f3f13fe,0.126175
62.875000,5f3f2082,0.126113
62.937500,5f3f2d03,0.126050
63.000000,5f3f3982,0.125988
63.062500,5f3f45ff,0.125925
63.125000,5f3f5278,0.125863
63.187500,5f3f5ef0,0.125801
63.250000,5f3f6b64,0.125739
63.312500,5f3f77d6,0.125677
63.375000,5f3f8445,0.125615
63.437500,5f3f90b1,0.125553
63.500000,5f3f9d1b,0.125491
63.562500,5f3fa982,0.125429
63.625000,5f3fb5e6,0.125368
63.687500,5f3fc247,0.125306
63.750000,5f3fcea5,0.125245
63.812500,5f3fdb00,0.125183
63.875000,5f3fe758,0.125122
63.937500,5f3ff3ad,0.125061
64.000000,5f3fffff,0.125000
